scenario_id,seed,num_packages,deadline_mode,layout_mode,locations,deadlines
200,1,2,relaxed,clustered,aisle-A|aisle-A,26|21
201,2,2,relaxed,clustered,aisle-B|aisle-B,27|26
202,3,2,relaxed,clustered,aisle-A|aisle-A,20|21
203,1,2,relaxed,distributed,aisle-B|aisle-A,26|21
204,2,2,relaxed,distributed,aisle-B|aisle-A,27|26
205,3,2,relaxed,distributed,aisle-B|aisle-A,20|21
206,1,2,tight,clustered,aisle-A|aisle-A,10|7
207,2,2,tight,clustered,aisle-B|aisle-B,10|10
208,3,2,tight,clustered,aisle-A|aisle-A,7|7
209,1,2,tight,distributed,aisle-B|aisle-A,10|7
210,2,2,tight,distributed,aisle-B|aisle-A,10|10
211,3,2,tight,distributed,aisle-B|aisle-A,7|7
212,1,3,relaxed,clustered,aisle-A|aisle-A|aisle-A,30|26|38
213,2,3,relaxed,clustered,aisle-B|aisle-B|aisle-B,25|38|25
214,3,3,relaxed,clustered,aisle-A|aisle-A|aisle-A,34|31|39
215,1,3,relaxed,distributed,aisle-A|aisle-B|aisle-A,30|26|38
216,2,3,relaxed,distributed,aisle-B|aisle-A|aisle-B,25|38|25
217,3,3,relaxed,distributed,aisle-A|aisle-B|aisle-A,34|31|39
218,1,3,tight,clustered,aisle-A|aisle-A|aisle-A,12|11|14
219,2,3,tight,clustered,aisle-B|aisle-B|aisle-B,11|14|15
220,3,3,tight,clustered,aisle-A|aisle-A|aisle-A,13|16|12
221,1,3,tight,distributed,aisle-A|aisle-B|aisle-A,12|11|14
222,2,3,tight,distributed,aisle-B|aisle-A|aisle-B,11|14|15
223,3,3,tight,distributed,aisle-A|aisle-B|aisle-A,13|16|12
