scenario_id,capacity,seed,num_packages,deadline_mode,layout_mode,locations,deadlines,problem_file,status,timed_out,return_code,plan_length,makespan,metric_search,planning_time_ms,expanded_nodes,states_evaluated
200,1,1,2,relaxed,clustered,aisle-A|aisle-A,26|21,scenario_200_capacity1.pddl,solved,False,0,20,8.0,20.0,184,661,1180
200,2,1,2,relaxed,clustered,aisle-A|aisle-A,26|21,scenario_200_capacity2.pddl,solved,False,0,12,4.0,12.0,53,50,117
201,1,2,2,relaxed,clustered,aisle-B|aisle-B,27|26,scenario_201_capacity1.pddl,solved,False,0,24,12.0,24.0,215,1272,2148
201,2,2,2,relaxed,clustered,aisle-B|aisle-B,27|26,scenario_201_capacity2.pddl,solved,False,0,14,6.0,14.0,63,88,173
202,1,3,2,relaxed,clustered,aisle-A|aisle-A,20|21,scenario_202_capacity1.pddl,solved,False,0,20,8.0,20.0,230,661,1180
202,2,3,2,relaxed,clustered,aisle-A|aisle-A,20|21,scenario_202_capacity2.pddl,solved,False,0,12,4.0,12.0,54,50,117
203,1,1,2,relaxed,distributed,aisle-B|aisle-A,26|21,scenario_203_capacity1.pddl,solved,False,0,22,10.0,22.0,173,951,1689
203,2,1,2,relaxed,distributed,aisle-B|aisle-A,26|21,scenario_203_capacity2.pddl,solved,False,0,22,10.0,22.0,181,889,1520
204,1,2,2,relaxed,distributed,aisle-B|aisle-A,27|26,scenario_204_capacity1.pddl,solved,False,0,22,10.0,22.0,176,951,1689
204,2,2,2,relaxed,distributed,aisle-B|aisle-A,27|26,scenario_204_capacity2.pddl,solved,False,0,22,10.0,22.0,179,889,1520
205,1,3,2,relaxed,distributed,aisle-B|aisle-A,20|21,scenario_205_capacity1.pddl,solved,False,0,22,10.0,22.0,167,951,1689
205,2,3,2,relaxed,distributed,aisle-B|aisle-A,20|21,scenario_205_capacity2.pddl,solved,False,0,22,10.0,22.0,181,889,1520
206,1,1,2,tight,clustered,aisle-A|aisle-A,10|7,scenario_206_capacity1.pddl,solved,False,0,20,8.0,20.0,120,372,556
206,2,1,2,tight,clustered,aisle-A|aisle-A,10|7,scenario_206_capacity2.pddl,solved,False,0,12,4.0,12.0,55,49,107
207,1,2,2,tight,clustered,aisle-B|aisle-B,10|10,scenario_207_capacity1.pddl,unsolvable,False,0,,,-1.0,155,877,877
207,2,2,2,tight,clustered,aisle-B|aisle-B,10|10,scenario_207_capacity2.pddl,solved,False,0,14,6.0,14.0,70,88,173
208,1,3,2,tight,clustered,aisle-A|aisle-A,7|7,scenario_208_capacity1.pddl,unsolvable,False,0,,,-1.0,121,451,451
208,2,3,2,tight,clustered,aisle-A|aisle-A,7|7,scenario_208_capacity2.pddl,solved,False,0,12,4.0,12.0,53,49,107
209,1,1,2,tight,distributed,aisle-B|aisle-A,10|7,scenario_209_capacity1.pddl,unsolvable,False,0,,,-1.0,157,758,758
209,2,1,2,tight,distributed,aisle-B|aisle-A,10|7,scenario_209_capacity2.pddl,unsolvable,False,0,,,-1.0,164,784,784
210,1,2,2,tight,distributed,aisle-B|aisle-A,10|10,scenario_210_capacity1.pddl,unsolvable,False,0,,,-1.0,213,1516,1516
210,2,2,2,tight,distributed,aisle-B|aisle-A,10|10,scenario_210_capacity2.pddl,unsolvable,False,0,,,-1.0,226,1576,1576
211,1,3,2,tight,distributed,aisle-B|aisle-A,7|7,scenario_211_capacity1.pddl,unsolvable,False,0,,,-1.0,109,313,313
211,2,3,2,tight,distributed,aisle-B|aisle-A,7|7,scenario_211_capacity2.pddl,unsolvable,False,0,,,-1.0,113,313,313
212,1,1,3,relaxed,clustered,aisle-A|aisle-A|aisle-A,30|26|38,scenario_212_capacity1.pddl,solved,False,0,30,12.0,30.0,1056,19527,36143
212,2,1,3,relaxed,clustered,aisle-A|aisle-A|aisle-A,30|26|38,scenario_212_capacity2.pddl,solved,False,0,22,8.0,22.0,465,4125,9347
213,1,2,3,relaxed,clustered,aisle-B|aisle-B|aisle-B,25|38|25,scenario_213_capacity1.pddl,solved,False,0,36,18.0,36.0,1990,42860,72982
213,2,2,3,relaxed,clustered,aisle-B|aisle-B|aisle-B,25|38|25,scenario_213_capacity2.pddl,solved,False,0,26,12.0,26.0,671,9224,19660
214,1,3,3,relaxed,clustered,aisle-A|aisle-A|aisle-A,34|31|39,scenario_214_capacity1.pddl,solved,False,0,30,12.0,30.0,976,19527,36145
214,2,3,3,relaxed,clustered,aisle-A|aisle-A|aisle-A,34|31|39,scenario_214_capacity2.pddl,solved,False,0,22,8.0,22.0,694,4125,9347
215,1,1,3,relaxed,distributed,aisle-A|aisle-B|aisle-A,30|26|38,scenario_215_capacity1.pddl,solved,False,0,32,14.0,32.0,1437,23727,41490
215,2,1,3,relaxed,distributed,aisle-A|aisle-B|aisle-A,30|26|38,scenario_215_capacity2.pddl,solved,False,0,24,10.0,24.0,507,4092,8768
216,1,2,3,relaxed,distributed,aisle-B|aisle-A|aisle-B,25|38|25,scenario_216_capacity1.pddl,solved,False,0,34,16.0,34.0,1554,33845,60044
216,2,2,3,relaxed,distributed,aisle-B|aisle-A|aisle-B,25|38|25,scenario_216_capacity2.pddl,solved,False,0,24,10.0,24.0,395,2690,5696
217,1,3,3,relaxed,distributed,aisle-A|aisle-B|aisle-A,34|31|39,scenario_217_capacity1.pddl,solved,False,0,32,14.0,32.0,1260,23735,41513
217,2,3,3,relaxed,distributed,aisle-A|aisle-B|aisle-A,34|31|39,scenario_217_capacity2.pddl,solved,False,0,24,10.0,24.0,473,4092,8768
218,1,1,3,tight,clustered,aisle-A|aisle-A|aisle-A,12|11|14,scenario_218_capacity1.pddl,solved,False,0,30,12.0,30.0,600,8368,11803
218,2,1,3,tight,clustered,aisle-A|aisle-A|aisle-A,12|11|14,scenario_218_capacity2.pddl,solved,False,0,22,8.0,22.0,480,3985,8895
219,1,2,3,tight,clustered,aisle-B|aisle-B|aisle-B,11|14|15,scenario_219_capacity1.pddl,unsolvable,False,0,,,-1.0,352,3859,3859
219,2,2,3,tight,clustered,aisle-B|aisle-B|aisle-B,11|14|15,scenario_219_capacity2.pddl,solved,False,0,26,12.0,26.0,570,6563,12246
220,1,3,3,tight,clustered,aisle-A|aisle-A|aisle-A,13|16|12,scenario_220_capacity1.pddl,solved,False,0,30,12.0,30.0,724,11082,16644
220,2,3,3,tight,clustered,aisle-A|aisle-A|aisle-A,13|16|12,scenario_220_capacity2.pddl,solved,False,0,22,8.0,22.0,530,4060,9146
221,1,1,3,tight,distributed,aisle-A|aisle-B|aisle-A,12|11|14,scenario_221_capacity1.pddl,unsolvable,False,0,,,-1.0,592,7899,7899
221,2,1,3,tight,distributed,aisle-A|aisle-B|aisle-A,12|11|14,scenario_221_capacity2.pddl,solved,False,0,24,10.0,24.0,428,3569,6996
222,1,2,3,tight,distributed,aisle-B|aisle-A|aisle-B,11|14|15,scenario_222_capacity1.pddl,unsolvable,False,0,,,-1.0,569,8100,8100
222,2,2,3,tight,distributed,aisle-B|aisle-A|aisle-B,11|14|15,scenario_222_capacity2.pddl,solved,False,0,24,10.0,24.0,309,2258,4480
223,1,3,3,tight,distributed,aisle-A|aisle-B|aisle-A,13|16|12,scenario_223_capacity1.pddl,solved,False,0,32,14.0,32.0,704,10652,15094
223,2,3,3,tight,distributed,aisle-A|aisle-B|aisle-A,13|16|12,scenario_223_capacity2.pddl,solved,False,0,24,10.0,24.0,517,3857,8057
